{
  "version": 1,
  "author": "Anonymous maker",
  "editor": "wokwi",
  "parts": [
    { "type": "wokwi-arduino-uno", "id": "uno", "top": -124.2, "left": -29.4, "attrs": {} },
    {
      "type": "wokwi-led",
      "id": "led1",
      "top": -291.6,
      "left": 243.8,
      "attrs": { "color": "green" }
    },
    {
      "type": "wokwi-led",
      "id": "led2",
      "top": -339.6,
      "left": -15.4,
      "attrs": { "color": "red" }
    },
    {
      "type": "wokwi-resistor",
      "id": "r1",
      "top": -188.05,
      "left": 288,
      "attrs": { "value": "220" }
    },
    {
      "type": "wokwi-resistor",
      "id": "r2",
      "top": -149.65,
      "left": -153.6,
      "attrs": { "value": "220" }
    },
    {
      "type": "wokwi-pushbutton",
      "id": "btn1",
      "top": -128.2,
      "left": 307.2,
      "attrs": { "color": "green", "xray": "1" }
    },
    {
      "type": "wokwi-pushbutton",
      "id": "btn2",
      "top": -243.4,
      "left": 201.6,
      "attrs": { "color": "green", "xray": "1" }
    }
  ],
  "connections": [
    [ "led2:A", "uno:7", "green", [ "v28.8", "h220.8" ] ],
    [ "led2:C", "r2:2", "green", [ "v0" ] ],
    [ "r2:1", "uno:GND.1", "green", [ "v-57.6", "h259.2" ] ],
    [ "led1:A", "uno:8", "green", [ "v115.2", "h-67.2" ] ],
    [ "led1:C", "r1:2", "green", [ "v0", "h-86", "v-76.8", "h201.6" ] ],
    [ "r1:1", "uno:GND.1", "green", [ "v48", "h-144" ] ],
    [ "btn1:1.l", "uno:2", "green", [ "h-57.6", "v-67.2", "h-38.4", "v19.2" ] ],
    [ "btn1:2.l", "uno:GND.1", "green", [ "h-48", "v0.2", "h-9.6", "v-67.2", "h-144" ] ],
    [ "btn2:1.l", "uno:3", "green", [ "h-19.2" ] ],
    [ "btn2:2.l", "uno:GND.1", "green", [ "h0" ] ]
  ],
  "dependencies": {}
}